ID_Cliente,ultima_compra,frequencia,valor_total,recencia_dias,quartil_valor
CLI01050,2025-12-18 00:00:00,14,92203.99,13,1
CLI01072,2025-12-19 00:00:00,11,82671.24,12,1
CLI00990,2025-11-28 00:00:00,9,82606.23,33,1
CLI00447,2025-10-29 00:00:00,11,81943.06,63,1
CLI00143,2025-11-13 00:00:00,9,80572.82,48,1
CLI00584,2025-12-08 00:00:00,10,78068.72,23,1
CLI01056,2025-12-03 00:00:00,9,74636.22,28,1
CLI00394,2025-12-30 00:00:00,10,74596.71,1,1
CLI00299,2025-12-22 00:00:00,13,74234.52,9,1
CLI00927,2025-12-22 00:00:00,9,72380.32,9,1
CLI00632,2025-12-19 00:00:00,11,72133.7,12,1
CLI01159,2025-12-25 00:00:00,10,67675.05,6,1
CLI00554,2025-12-12 00:00:00,9,66597.54,19,1
CLI00650,2025-12-29 00:00:00,9,66420.16,2,1
CLI00823,2025-11-03 00:00:00,8,66244.81,58,1
CLI01006,2025-11-23 00:00:00,9,66184.13,38,1
CLI01138,2025-12-20 00:00:00,9,66184.13,11,1
CLI00976,2025-09-23 00:00:00,8,66006.57,99,1
CLI00412,2025-12-22 00:00:00,7,65780.98,9,1
CLI00127,2025-10-26 00:00:00,10,65073.65,66,1
CLI00770,2025-12-27 00:00:00,8,64927.22,4,1
CLI00795,2025-12-22 00:00:00,8,63879.71,9,1
CLI00623,2025-12-24 00:00:00,13,62581.45,7,1
CLI00138,2025-10-18 00:00:00,9,62469.54,74,1
CLI00799,2025-12-20 00:00:00,9,62069.99,11,1
CLI01003,2025-11-12 00:00:00,11,61928.02,49,1
CLI00480,2025-09-24 00:00:00,6,61864.34,98,1
CLI00656,2025-12-28 00:00:00,10,61645.56,3,1
CLI01037,2025-11-14 00:00:00,9,61078.0,47,1
CLI00274,2025-12-16 00:00:00,9,60973.29,15,1
CLI00229,2025-12-17 00:00:00,11,60640.85,14,1
CLI00880,2025-10-23 00:00:00,9,59974.81,69,1
CLI00560,2025-12-19 00:00:00,10,59885.06,12,1
CLI00415,2025-10-13 00:00:00,6,59274.34,79,1
CLI00624,2025-12-19 00:00:00,9,59056.7,12,1
CLI00557,2025-12-23 00:00:00,9,58812.99,8,1
CLI00945,2025-12-22 00:00:00,9,58637.94,9,1
CLI01096,2025-12-27 00:00:00,7,58230.92,4,1
CLI00527,2025-12-08 00:00:00,7,58103.37,23,1
CLI00583,2025-12-25 00:00:00,9,57908.69,6,1
CLI00440,2025-10-16 00:00:00,8,57883.84,76,1
CLI00125,2025-12-13 00:00:00,11,57736.66,18,1
CLI00717,2025-11-27 00:00:00,11,57564.78,34,1
CLI01062,2025-11-28 00:00:00,6,57338.94,33,1
CLI00334,2025-11-25 00:00:00,6,57218.91,36,1
CLI00773,2025-10-16 00:00:00,6,56963.14,76,1
CLI00857,2025-12-29 00:00:00,7,56646.64,2,1
CLI00906,2025-12-20 00:00:00,8,56218.54,11,1
CLI00302,2025-09-23 00:00:00,8,55659.76,99,1
CLI00971,2025-11-16 00:00:00,9,55234.99,45,1
CLI00824,2025-10-23 00:00:00,9,55132.43,69,1
CLI01066,2025-11-25 00:00:00,8,54813.66,36,1
CLI00874,2025-11-29 00:00:00,8,54540.96,32,1
CLI00601,2025-11-30 00:00:00,9,54514.08,31,1
CLI00590,2025-10-23 00:00:00,6,54494.74,69,1
CLI00083,2025-11-25 00:00:00,9,54484.29,36,1
CLI00524,2025-11-19 00:00:00,8,54277.16,42,1
CLI00060,2025-12-13 00:00:00,7,54095.6,18,1
CLI00317,2025-10-26 00:00:00,9,53686.7,66,1
CLI01098,2025-12-17 00:00:00,7,53372.51,14,1
CLI00477,2025-11-08 00:00:00,7,53348.02,53,1
CLI00520,2025-12-15 00:00:00,9,53153.99,16,1
CLI00401,2025-11-20 00:00:00,7,52449.65,41,1
CLI00518,2025-12-28 00:00:00,9,52081.84,3,1
CLI00742,2025-12-12 00:00:00,8,51893.66,19,1
CLI00642,2025-11-18 00:00:00,12,51728.03,43,1
CLI00077,2025-11-26 00:00:00,6,51643.16,35,1
CLI00165,2025-12-11 00:00:00,8,51384.93,20,1
CLI00130,2025-12-30 00:00:00,9,51150.18,1,1
CLI00975,2025-11-14 00:00:00,9,51023.67,47,1
CLI00788,2025-11-20 00:00:00,8,50434.97,41,1
CLI01099,2025-12-01 00:00:00,8,50277.7,30,1
CLI00158,2025-11-23 00:00:00,7,50222.89,38,1
CLI01015,2025-07-20 00:00:00,4,50180.3,164,1
CLI01032,2025-10-23 00:00:00,8,50083.2,69,1
CLI00630,2025-12-21 00:00:00,9,49998.17,10,1
CLI00842,2025-12-19 00:00:00,7,49992.06,12,1
CLI00828,2025-10-29 00:00:00,8,49773.99,63,1
CLI00156,2025-10-23 00:00:00,7,49732.6,69,1
CLI00106,2025-11-22 00:00:00,7,49430.87,39,1
CLI00429,2025-12-08 00:00:00,6,49286.26,23,1
CLI00377,2025-12-25 00:00:00,11,49270.25,6,1
CLI00225,2025-10-20 00:00:00,6,49153.19,72,1
CLI00342,2025-11-04 00:00:00,7,49071.46,57,1
CLI00131,2025-11-24 00:00:00,8,49070.38,37,1
CLI00305,2025-11-23 00:00:00,8,48832.99,38,1
CLI00036,2025-09-29 00:00:00,9,48634.25,93,1
CLI00154,2025-12-27 00:00:00,11,48162.33,4,1
CLI00261,2025-12-22 00:00:00,10,47969.41,9,1
CLI00588,2025-09-03 00:00:00,5,47876.98,119,1
CLI00363,2025-12-19 00:00:00,9,47845.01,12,1
CLI00280,2025-12-14 00:00:00,8,47702.22,17,1
CLI00604,2025-08-21 00:00:00,6,47592.62,132,1
CLI00886,2025-11-18 00:00:00,7,47512.08,43,1
CLI01002,2025-12-11 00:00:00,7,47392.71,20,1
CLI01135,2025-10-13 00:00:00,7,47386.44,79,1
CLI00654,2025-11-15 00:00:00,8,47379.77,46,1
CLI00483,2025-08-30 00:00:00,4,47151.04,123,1
CLI00014,2025-12-13 00:00:00,8,47145.9,18,1
CLI00427,2025-11-30 00:00:00,7,47085.0,31,1
CLI00070,2025-11-29 00:00:00,6,47001.63,32,1
CLI01115,2025-09-23 00:00:00,6,46950.31,99,1
CLI00316,2025-12-04 00:00:00,6,46864.35,27,1
CLI00351,2025-12-28 00:00:00,9,46836.13,3,1
CLI00295,2025-11-17 00:00:00,7,46697.21,44,1
CLI00570,2025-12-17 00:00:00,8,46572.75,14,1
CLI00335,2025-11-28 00:00:00,6,46299.85,33,1
CLI01154,2025-12-25 00:00:00,6,46210.41,6,1
CLI00537,2025-07-06 00:00:00,6,45882.02,178,1
CLI00318,2025-05-16 00:00:00,6,45860.95,229,1
CLI00501,2025-11-20 00:00:00,7,45787.72,41,1
CLI00960,2025-12-13 00:00:00,6,45583.39,18,1
CLI00281,2025-11-17 00:00:00,7,45563.75,44,1
CLI00738,2025-12-21 00:00:00,8,45517.2,10,1
CLI00639,2025-12-06 00:00:00,5,45493.01,25,1
CLI00869,2025-12-28 00:00:00,10,45488.88,3,1
CLI00327,2025-12-13 00:00:00,8,45433.54,18,1
CLI00022,2025-08-30 00:00:00,8,45343.95,123,1
CLI00509,2025-11-05 00:00:00,7,45317.35,56,1
CLI01124,2025-07-08 00:00:00,4,45311.34,176,1
CLI01046,2025-06-09 00:00:00,6,45285.88,205,1
CLI01077,2025-10-25 00:00:00,9,45206.6,67,1
CLI00700,2025-11-03 00:00:00,7,45056.93,58,1
CLI00626,2025-12-31 00:00:00,5,45044.16,0,1
CLI00512,2025-10-08 00:00:00,7,44993.32,84,1
CLI01162,2025-12-16 00:00:00,7,44784.11,15,1
CLI01012,2025-05-14 00:00:00,8,44771.7,231,1
CLI00932,2025-12-13 00:00:00,8,44754.91,18,1
CLI00679,2025-12-31 00:00:00,6,44694.0,0,1
CLI00593,2025-12-25 00:00:00,8,44649.85,6,1
CLI00086,2025-12-29 00:00:00,9,44567.93,2,1
CLI00373,2025-12-17 00:00:00,7,44429.92,14,1
CLI00113,2025-11-14 00:00:00,6,44203.39,47,1
CLI00410,2025-07-30 00:00:00,6,44179.79,154,1
CLI00734,2025-11-19 00:00:00,7,44156.48,42,1
CLI00395,2025-11-16 00:00:00,6,44121.5,45,1
CLI00538,2025-12-31 00:00:00,8,44120.91,0,1
CLI01148,2025-11-03 00:00:00,9,44069.5,58,1
CLI00147,2025-05-17 00:00:00,5,44057.08,228,1
CLI00817,2025-12-14 00:00:00,9,44039.64,17,1
CLI01151,2025-11-19 00:00:00,5,44013.37,42,1
CLI01167,2025-11-20 00:00:00,7,43943.85,41,1
CLI00627,2025-12-06 00:00:00,8,43822.52,25,1
CLI00644,2025-10-24 00:00:00,7,43703.27,68,1
CLI00107,2025-12-03 00:00:00,9,43564.48,28,1
CLI00463,2025-11-10 00:00:00,6,43488.19,51,1
CLI00339,2025-12-02 00:00:00,8,43446.25,29,1
CLI00781,2025-12-13 00:00:00,8,43323.84,18,1
CLI00796,2025-11-23 00:00:00,8,43318.6,38,1
CLI00494,2025-12-01 00:00:00,7,43135.8,30,1
CLI00989,2025-10-02 00:00:00,10,43097.17,90,1
CLI00547,2025-12-18 00:00:00,8,43057.4,13,1
CLI00605,2025-12-18 00:00:00,7,43014.66,13,1
CLI00157,2025-11-25 00:00:00,8,43007.4,36,1
CLI00211,2025-12-02 00:00:00,7,42791.27,29,1
CLI01190,2025-11-12 00:00:00,7,42762.88,49,1
CLI00178,2025-12-08 00:00:00,7,42445.91,23,1
CLI00270,2025-12-23 00:00:00,9,42329.61,8,1
CLI01065,2025-08-29 00:00:00,6,42214.95,124,1
CLI01113,2025-12-17 00:00:00,8,42110.42,14,1
CLI00774,2025-08-19 00:00:00,6,41971.07,134,1
CLI00820,2025-12-21 00:00:00,7,41910.47,10,1
CLI00055,2025-11-02 00:00:00,5,41868.81,59,1
CLI01031,2025-12-26 00:00:00,5,41858.43,5,1
CLI00340,2025-12-11 00:00:00,4,41752.0,20,1
CLI01177,2025-11-23 00:00:00,8,41621.18,38,1
CLI00868,2025-08-18 00:00:00,4,41600.84,135,1
CLI00053,2025-09-09 00:00:00,7,41512.28,113,1
CLI00612,2025-12-20 00:00:00,7,41467.33,11,1
CLI00508,2025-11-09 00:00:00,5,41391.82,52,1
CLI00424,2025-11-17 00:00:00,7,41325.3,44,1
CLI00904,2025-12-18 00:00:00,4,41311.27,13,1
CLI00730,2025-12-12 00:00:00,8,41298.84,19,1
CLI00745,2025-12-21 00:00:00,7,41083.68,10,1
CLI00406,2025-09-07 00:00:00,4,41077.89,115,1
CLI00452,2025-12-14 00:00:00,7,41070.38,17,1
CLI00961,2025-12-17 00:00:00,6,41035.4,14,1
CLI00400,2025-12-24 00:00:00,8,41017.7,7,1
CLI00203,2025-07-15 00:00:00,7,41012.66,169,1
CLI00712,2025-10-05 00:00:00,5,40997.99,87,1
CLI00848,2025-10-16 00:00:00,6,40966.37,76,1
CLI00170,2025-10-26 00:00:00,5,40908.35,66,1
CLI00910,2025-12-09 00:00:00,5,40882.07,22,1
CLI01004,2025-12-03 00:00:00,8,40881.41,28,1
CLI00777,2025-12-22 00:00:00,8,40868.85,9,1
CLI00355,2025-08-26 00:00:00,10,40849.08,127,1
CLI01166,2025-12-07 00:00:00,4,40784.88,24,1
CLI00180,2025-12-17 00:00:00,8,40695.57,14,1
CLI00312,2025-12-26 00:00:00,7,40587.98,5,1
CLI00940,2025-10-18 00:00:00,6,40572.45,74,1
CLI00232,2025-08-30 00:00:00,6,40546.35,123,1
CLI01189,2025-12-03 00:00:00,7,40543.24,28,1
CLI00388,2025-10-23 00:00:00,6,40529.83,69,1
CLI00834,2025-05-26 00:00:00,7,40456.35,219,1
CLI00972,2025-08-07 00:00:00,5,40440.93,146,1
CLI00182,2025-11-21 00:00:00,6,40410.47,40,1
CLI00191,2025-12-28 00:00:00,7,40185.85,3,1
CLI00882,2025-11-30 00:00:00,8,40176.6,31,1
CLI01139,2025-11-26 00:00:00,5,40154.35,35,1
CLI00185,2025-09-14 00:00:00,5,40144.75,108,1
CLI00793,2025-09-11 00:00:00,8,40088.42,111,1
CLI00937,2025-11-28 00:00:00,7,39974.5,33,1
CLI01045,2025-11-15 00:00:00,5,39966.83,46,1
CLI00889,2025-12-08 00:00:00,6,39966.63,23,1
CLI01198,2025-11-30 00:00:00,7,39915.03,31,1
CLI00369,2025-11-19 00:00:00,7,39909.36,42,1
CLI00234,2025-12-26 00:00:00,5,39882.34,5,1
CLI00573,2025-12-27 00:00:00,7,39559.3,4,1
CLI01067,2025-11-27 00:00:00,6,39549.58,34,1
CLI01108,2025-12-27 00:00:00,9,39524.96,4,1
CLI00618,2025-09-25 00:00:00,6,39486.85,97,1
CLI00645,2025-12-15 00:00:00,5,39460.28,16,1
CLI00146,2025-10-19 00:00:00,8,39451.41,73,1
CLI01024,2025-10-19 00:00:00,9,39427.77,73,1
CLI00361,2025-11-30 00:00:00,6,39395.5,31,1
CLI00133,2025-12-18 00:00:00,7,39376.02,13,1
CLI00678,2025-10-29 00:00:00,6,39288.04,63,1
CLI00797,2025-10-04 00:00:00,7,39235.75,88,1
CLI00792,2025-12-22 00:00:00,8,39222.5,9,1
CLI00126,2025-10-31 00:00:00,6,39175.81,61,1
CLI00822,2025-06-20 00:00:00,6,39113.96,194,1
CLI00472,2025-12-09 00:00:00,7,39053.72,22,1
CLI01168,2025-12-19 00:00:00,5,38960.59,12,1
CLI00442,2025-12-18 00:00:00,6,38905.32,13,1
CLI00115,2025-12-05 00:00:00,4,38855.51,26,1
CLI00122,2025-12-27 00:00:00,5,38772.67,4,1
CLI00574,2025-10-14 00:00:00,6,38731.49,78,1
CLI00258,2025-12-03 00:00:00,6,38643.71,28,1
CLI01145,2025-11-08 00:00:00,5,38592.93,53,1
CLI00350,2025-09-30 00:00:00,5,38507.31,92,1
CLI00166,2025-08-24 00:00:00,9,38444.52,129,1
CLI01129,2025-12-08 00:00:00,7,38437.29,23,1
CLI00578,2025-12-08 00:00:00,6,38429.25,23,1
CLI00326,2025-11-12 00:00:00,5,38388.56,49,1
CLI00728,2025-10-12 00:00:00,9,38384.91,80,1
CLI00059,2025-11-27 00:00:00,6,38354.97,34,1
CLI00298,2025-12-17 00:00:00,5,38352.95,14,1
CLI00534,2025-10-17 00:00:00,6,38348.83,75,1
CLI00964,2025-12-17 00:00:00,6,38332.44,14,1
CLI01106,2025-10-20 00:00:00,7,38304.09,72,1
CLI00897,2025-10-05 00:00:00,8,38285.61,87,1
CLI00641,2025-09-06 00:00:00,6,38202.58,116,1
CLI00812,2025-12-04 00:00:00,8,38145.49,27,1
CLI00010,2025-11-27 00:00:00,8,38090.29,34,1
CLI00005,2025-10-08 00:00:00,6,38043.63,84,1
CLI00142,2025-08-18 00:00:00,8,38014.04,135,1
CLI00688,2025-12-06 00:00:00,5,38005.0,25,1
CLI00505,2025-12-17 00:00:00,7,37984.86,14,1
CLI00282,2025-10-12 00:00:00,5,37978.57,80,1
CLI01183,2025-09-15 00:00:00,6,37968.78,107,1
CLI00966,2025-11-02 00:00:00,4,37777.08,59,1
CLI00825,2025-12-16 00:00:00,6,37762.78,15,1
CLI00338,2025-11-22 00:00:00,6,37637.78,39,1
CLI01092,2025-10-24 00:00:00,7,37602.67,68,1
CLI00769,2025-11-29 00:00:00,5,37474.85,32,1
CLI00015,2025-12-27 00:00:00,6,37354.72,4,1
CLI00856,2025-11-11 00:00:00,8,37290.89,50,1
CLI01007,2025-11-26 00:00:00,5,37283.95,35,1
CLI00177,2025-10-14 00:00:00,5,37226.97,78,1
CLI00438,2025-11-27 00:00:00,8,37211.39,34,1
CLI00071,2025-10-09 00:00:00,5,37196.88,83,1
CLI00715,2025-11-26 00:00:00,5,37178.68,35,1
CLI00370,2025-11-11 00:00:00,6,37144.59,50,1
CLI00237,2025-12-04 00:00:00,7,37112.46,27,1
CLI00683,2025-12-06 00:00:00,4,37089.05,25,1
CLI00615,2025-11-14 00:00:00,7,37064.87,47,1
CLI00397,2025-12-17 00:00:00,6,37043.02,14,1
CLI00112,2025-09-30 00:00:00,6,37032.54,92,1
CLI00938,2025-10-30 00:00:00,8,36973.0,62,1
CLI00888,2025-12-15 00:00:00,5,36917.47,16,1
CLI00663,2025-12-01 00:00:00,9,36911.76,30,1
CLI00321,2025-12-24 00:00:00,6,36842.79,7,1
CLI00985,2025-10-13 00:00:00,4,36812.81,79,1
CLI01200,2025-10-03 00:00:00,7,36811.23,89,1
CLI00542,2025-08-25 00:00:00,5,36777.85,128,1
CLI00181,2025-09-06 00:00:00,7,36559.59,116,1
CLI00375,2025-10-20 00:00:00,6,36556.32,72,1
CLI00649,2025-07-08 00:00:00,6,36552.71,176,1
CLI00474,2025-12-10 00:00:00,8,36506.5,21,1
CLI01130,2025-12-01 00:00:00,9,36439.61,30,1
CLI00810,2025-11-27 00:00:00,7,36293.68,34,1
CLI00606,2025-12-30 00:00:00,5,36293.14,1,1
CLI01078,2025-11-27 00:00:00,7,36218.68,34,1
CLI00687,2025-12-13 00:00:00,9,36185.96,18,1
CLI00461,2025-10-28 00:00:00,6,36094.99,64,1
CLI00525,2025-11-18 00:00:00,5,36049.64,43,1
CLI00692,2025-12-23 00:00:00,7,36016.08,8,1
CLI00354,2025-12-08 00:00:00,7,36001.82,23,1
CLI00878,2025-12-06 00:00:00,6,35988.98,25,1
CLI00233,2025-12-18 00:00:00,6,35955.9,13,1
CLI00051,2025-11-02 00:00:00,6,35575.89,59,1
CLI00044,2025-12-03 00:00:00,6,35471.65,28,1
CLI00386,2025-12-16 00:00:00,6,35442.59,15,1
CLI01000,2025-09-29 00:00:00,5,35373.43,93,1
CLI00046,2025-12-23 00:00:00,5,35352.17,8,1
CLI00384,2025-12-20 00:00:00,4,35289.12,11,1
CLI00453,2025-08-04 00:00:00,4,35268.57,149,1
CLI00545,2025-07-21 00:00:00,5,35229.34,163,1
CLI00050,2025-11-16 00:00:00,6,35166.26,45,2
CLI00951,2025-09-30 00:00:00,3,35134.46,92,2
CLI00235,2025-11-07 00:00:00,8,35132.21,54,2
CLI01155,2025-12-02 00:00:00,8,35070.91,29,2
CLI00325,2025-12-05 00:00:00,9,35042.93,26,2
CLI00613,2025-08-13 00:00:00,6,35037.21,140,2
CLI00067,2025-11-21 00:00:00,3,34955.65,40,2
CLI00109,2025-12-18 00:00:00,6,34920.39,13,2
CLI00926,2025-12-13 00:00:00,5,34913.53,18,2
CLI00192,2025-10-06 00:00:00,5,34895.71,86,2
CLI00800,2025-12-28 00:00:00,3,34878.74,3,2
CLI00184,2025-11-17 00:00:00,7,34828.53,44,2
CLI00002,2025-11-22 00:00:00,8,34740.5,39,2
CLI00713,2025-11-07 00:00:00,8,34737.95,54,2
CLI00931,2025-08-17 00:00:00,5,34730.81,136,2
CLI00287,2025-12-26 00:00:00,8,34729.85,5,2
CLI00837,2025-11-30 00:00:00,6,34667.2,31,2
CLI01192,2025-12-15 00:00:00,6,34560.01,16,2
CLI00457,2025-12-09 00:00:00,7,34446.27,22,2
CLI01102,2025-12-20 00:00:00,7,34439.53,11,2
CLI00332,2025-10-29 00:00:00,6,34428.2,63,2
CLI00188,2025-12-11 00:00:00,6,34376.63,20,2
CLI00522,2025-10-18 00:00:00,6,34337.42,74,2
CLI00843,2025-12-28 00:00:00,7,34323.05,3,2
CLI00674,2025-11-28 00:00:00,4,34280.67,33,2
CLI01029,2025-12-06 00:00:00,7,34172.0,25,2
CLI01016,2025-12-18 00:00:00,6,34096.5,13,2
CLI00204,2025-12-02 00:00:00,8,33882.08,29,2
CLI00954,2025-12-21 00:00:00,5,33864.24,10,2
CLI01181,2025-12-31 00:00:00,6,33752.14,0,2
CLI01030,2025-12-23 00:00:00,8,33734.12,8,2
CLI00460,2025-08-21 00:00:00,5,33661.99,132,2
CLI00899,2025-12-07 00:00:00,5,33628.53,24,2
CLI00241,2025-10-02 00:00:00,6,33601.89,90,2
CLI00434,2025-12-29 00:00:00,5,33589.89,2,2
CLI00543,2025-11-06 00:00:00,5,33460.04,55,2
CLI00069,2025-12-26 00:00:00,7,33419.13,5,2
CLI00163,2025-12-19 00:00:00,7,33333.37,12,2
CLI00347,2025-12-30 00:00:00,5,33280.06,1,2
CLI00847,2025-08-10 00:00:00,4,33265.63,143,2
CLI01171,2025-12-23 00:00:00,7,33265.42,8,2
CLI00093,2025-11-18 00:00:00,9,33258.71,43,2
CLI00943,2025-12-23 00:00:00,6,33219.76,8,2
CLI00148,2025-07-23 00:00:00,5,33207.67,161,2
CLI00689,2025-12-27 00:00:00,5,33195.21,4,2
CLI00236,2025-12-24 00:00:00,8,33193.99,7,2
CLI00037,2025-12-28 00:00:00,7,33148.38,3,2
CLI00846,2025-12-21 00:00:00,4,33128.71,10,2
CLI00863,2025-12-23 00:00:00,3,33068.6,8,2
CLI00048,2025-10-04 00:00:00,6,33026.76,88,2
CLI00068,2025-10-20 00:00:00,5,33025.49,72,2
CLI00767,2025-10-02 00:00:00,3,32834.12,90,2
CLI00569,2025-05-19 00:00:00,5,32818.09,226,2
CLI00814,2025-12-02 00:00:00,7,32750.28,29,2
CLI00704,2025-12-20 00:00:00,6,32626.24,11,2
CLI00273,2025-11-29 00:00:00,6,32579.03,32,2
CLI00382,2025-12-28 00:00:00,6,32507.41,3,2
CLI00729,2025-10-07 00:00:00,4,32501.88,85,2
CLI00987,2025-10-18 00:00:00,5,32479.3,74,2
CLI00196,2025-11-07 00:00:00,7,32477.22,54,2
CLI00380,2025-10-23 00:00:00,3,32431.15,69,2
CLI01041,2025-08-01 00:00:00,5,32427.78,152,2
CLI00523,2025-12-26 00:00:00,7,32350.73,5,2
CLI00668,2025-11-24 00:00:00,4,32342.6,37,2
CLI00546,2025-11-29 00:00:00,7,32276.79,32,2
CLI00682,2025-10-23 00:00:00,6,32202.52,69,2
CLI00218,2025-12-25 00:00:00,6,32180.96,6,2
CLI00681,2025-11-05 00:00:00,4,32170.08,56,2
CLI00934,2025-11-23 00:00:00,4,32136.88,38,2
CLI00289,2025-12-02 00:00:00,6,32127.1,29,2
CLI00485,2025-10-20 00:00:00,6,32111.94,72,2
CLI00550,2025-04-19 00:00:00,5,32081.41,256,2
CLI00528,2025-09-12 00:00:00,3,32080.68,110,2
CLI00956,2025-11-18 00:00:00,5,32054.95,43,2
CLI00017,2025-12-12 00:00:00,8,32030.44,19,2
CLI00876,2025-11-15 00:00:00,7,31961.21,46,2
CLI00259,2025-11-18 00:00:00,5,31940.75,43,2
CLI00242,2025-12-25 00:00:00,7,31935.27,6,2
CLI00464,2025-12-20 00:00:00,7,31904.23,11,2
CLI00996,2025-11-19 00:00:00,8,31884.6,42,2
CLI00531,2025-08-29 00:00:00,6,31853.53,124,2
CLI00877,2025-10-31 00:00:00,6,31827.71,61,2
CLI00029,2025-10-11 00:00:00,6,31726.23,81,2
CLI00539,2025-12-26 00:00:00,4,31634.67,5,2
CLI00833,2025-10-23 00:00:00,7,31615.01,69,2
CLI00806,2025-10-13 00:00:00,4,31533.95,79,2
CLI00381,2025-10-19 00:00:00,5,31483.67,73,2
CLI00378,2025-12-12 00:00:00,5,31476.25,19,2
CLI01075,2025-06-16 00:00:00,7,31470.74,198,2
CLI00587,2025-11-24 00:00:00,6,31438.45,37,2
CLI00047,2025-10-03 00:00:00,6,31437.86,89,2
CLI00021,2025-09-16 00:00:00,5,31396.25,106,2
CLI00672,2025-12-30 00:00:00,6,31389.2,1,2
CLI01022,2025-08-30 00:00:00,4,31373.81,123,2
CLI00703,2025-12-09 00:00:00,7,31283.91,22,2
CLI00671,2025-06-06 00:00:00,5,31256.1,208,2
CLI00082,2025-11-30 00:00:00,5,31243.28,31,2
CLI00977,2025-11-17 00:00:00,5,31200.94,44,2
CLI00290,2025-11-28 00:00:00,7,31162.05,33,2
CLI00391,2025-11-29 00:00:00,6,31159.1,32,2
CLI00930,2025-11-02 00:00:00,7,31089.63,59,2
CLI00230,2025-10-24 00:00:00,4,31065.11,68,2
CLI00811,2025-12-13 00:00:00,6,31055.38,18,2
CLI01153,2025-12-22 00:00:00,5,31032.41,9,2
CLI00648,2025-10-30 00:00:00,5,31022.07,62,2
CLI01064,2025-10-15 00:00:00,5,30988.34,77,2
CLI00983,2025-11-06 00:00:00,4,30931.04,55,2
CLI01011,2025-12-19 00:00:00,6,30901.09,12,2
CLI00948,2025-12-08 00:00:00,6,30842.89,23,2
CLI00699,2025-11-25 00:00:00,4,30829.19,36,2
CLI00708,2025-11-19 00:00:00,7,30825.54,42,2
CLI00608,2025-12-11 00:00:00,6,30808.54,20,2
CLI00040,2025-06-29 00:00:00,6,30807.05,185,2
CLI00754,2025-11-24 00:00:00,5,30755.54,37,2
CLI00903,2025-12-14 00:00:00,7,30754.41,17,2
CLI00535,2025-11-27 00:00:00,6,30697.09,34,2
CLI00088,2025-11-29 00:00:00,6,30686.2,32,2
CLI00732,2025-10-31 00:00:00,6,30618.95,61,2
CLI00329,2025-10-26 00:00:00,3,30611.0,66,2
CLI01055,2025-12-21 00:00:00,7,30566.61,10,2
CLI01134,2025-11-21 00:00:00,9,30520.18,40,2
CLI01141,2025-10-22 00:00:00,6,30364.48,70,2
CLI00804,2025-11-28 00:00:00,4,30357.62,33,2
CLI00207,2025-12-02 00:00:00,5,30333.5,29,2
CLI00072,2025-09-19 00:00:00,7,30328.48,103,2
CLI00279,2025-12-15 00:00:00,3,30284.36,16,2
CLI01069,2025-12-24 00:00:00,6,30216.92,7,2
CLI01172,2025-11-25 00:00:00,6,30213.29,36,2
CLI00246,2025-12-26 00:00:00,5,30163.05,5,2
CLI00459,2025-12-25 00:00:00,5,30154.57,6,2
CLI00565,2025-12-21 00:00:00,7,30113.17,10,2
CLI00507,2025-11-25 00:00:00,4,30037.81,36,2
CLI00224,2025-12-04 00:00:00,7,30021.91,27,2
CLI00428,2025-07-29 00:00:00,4,30019.57,155,2
CLI00921,2025-11-16 00:00:00,3,29951.23,45,2
CLI00288,2025-12-29 00:00:00,3,29947.94,2,2
CLI00829,2025-12-04 00:00:00,6,29919.03,27,2
CLI00456,2025-12-02 00:00:00,4,29912.45,29,2
CLI00052,2025-12-03 00:00:00,3,29905.32,28,2
CLI01101,2025-12-30 00:00:00,5,29901.58,1,2
CLI00685,2025-10-03 00:00:00,5,29886.99,89,2
CLI00041,2025-07-27 00:00:00,3,29877.24,157,2
CLI00081,2025-10-08 00:00:00,5,29864.17,84,2
CLI00032,2025-10-26 00:00:00,8,29790.93,66,2
CLI00553,2025-12-25 00:00:00,7,29760.5,6,2
CLI00566,2025-09-25 00:00:00,7,29754.31,97,2
CLI00741,2025-11-22 00:00:00,4,29686.78,39,2
CLI01146,2025-12-06 00:00:00,6,29673.93,25,2
CLI00266,2025-10-02 00:00:00,5,29619.4,90,2
CLI00706,2025-09-09 00:00:00,5,29560.2,113,2
CLI00891,2025-12-08 00:00:00,4,29469.46,23,2
CLI01001,2025-12-15 00:00:00,4,29437.18,16,2
CLI00709,2025-09-27 00:00:00,5,29412.05,95,2
CLI00643,2025-10-26 00:00:00,4,29404.99,66,2
CLI00991,2025-10-11 00:00:00,4,29383.52,81,2
CLI00958,2025-12-25 00:00:00,7,29258.63,6,2
CLI00307,2025-11-17 00:00:00,6,29202.32,44,2
CLI00662,2025-07-26 00:00:00,7,29156.79,158,2
CLI00186,2025-09-13 00:00:00,4,29072.48,109,2
CLI00336,2025-12-22 00:00:00,3,29053.48,9,2
CLI00548,2025-09-23 00:00:00,4,28986.2,99,2
CLI00405,2025-12-29 00:00:00,6,28910.86,2,2
CLI00231,2025-12-25 00:00:00,4,28820.39,6,2
CLI00879,2025-12-17 00:00:00,4,28819.76,14,2
CLI01107,2025-10-12 00:00:00,4,28813.34,80,2
CLI00306,2025-08-29 00:00:00,6,28767.42,124,2
CLI00986,2025-12-20 00:00:00,5,28760.93,11,2
CLI01087,2025-12-14 00:00:00,7,28755.16,17,2
CLI00739,2025-10-30 00:00:00,8,28745.97,62,2
CLI00073,2025-10-20 00:00:00,4,28682.8,72,2
CLI00923,2025-12-11 00:00:00,4,28617.95,20,2
CLI00851,2025-11-16 00:00:00,5,28615.55,45,2
CLI01195,2025-11-17 00:00:00,6,28611.77,44,2
CLI00206,2025-10-28 00:00:00,6,28609.0,64,2
CLI00998,2025-07-29 00:00:00,7,28598.8,155,2
CLI00666,2025-12-06 00:00:00,4,28574.75,25,2
CLI00407,2025-11-14 00:00:00,5,28566.01,47,2
CLI00629,2025-09-18 00:00:00,4,28499.7,104,2
CLI01063,2025-11-13 00:00:00,7,28492.21,48,2
CLI01047,2025-11-22 00:00:00,5,28475.42,39,2
CLI00493,2025-09-19 00:00:00,5,28459.69,103,2
CLI00374,2025-11-16 00:00:00,6,28413.04,45,2
CLI00949,2025-12-02 00:00:00,8,28374.88,29,2
CLI00114,2025-12-30 00:00:00,7,28325.15,1,2
CLI00303,2025-12-16 00:00:00,4,28163.88,15,2
CLI00859,2025-12-21 00:00:00,7,28161.63,10,2
CLI00291,2025-10-04 00:00:00,4,28152.64,88,2
CLI00098,2025-11-16 00:00:00,4,28099.4,45,2
CLI00271,2025-11-23 00:00:00,4,28074.36,38,2
CLI00087,2025-10-13 00:00:00,4,28043.25,79,2
CLI00214,2025-11-03 00:00:00,9,28022.98,58,2
CLI00907,2025-11-04 00:00:00,10,27922.53,57,2
CLI01018,2025-10-14 00:00:00,3,27901.08,78,2
CLI00680,2025-11-20 00:00:00,6,27895.25,41,2
CLI01126,2025-12-07 00:00:00,4,27892.15,24,2
CLI00179,2025-12-19 00:00:00,4,27830.81,12,2
CLI00025,2025-09-07 00:00:00,6,27824.4,115,2
CLI01059,2025-11-04 00:00:00,6,27823.42,57,2
CLI00917,2025-12-30 00:00:00,5,27800.35,1,2
CLI00195,2025-07-03 00:00:00,4,27784.54,181,2
CLI00020,2025-10-28 00:00:00,6,27747.34,64,2
CLI00393,2025-09-21 00:00:00,5,27727.15,101,2
CLI01187,2025-09-09 00:00:00,4,27697.99,113,2
CLI01104,2025-11-07 00:00:00,8,27682.78,54,2
CLI00175,2025-10-27 00:00:00,5,27670.56,65,2
CLI00054,2025-12-17 00:00:00,7,27661.85,14,2
CLI01119,2025-12-08 00:00:00,4,27630.26,23,2
CLI00818,2025-10-16 00:00:00,7,27621.07,76,2
CLI00532,2025-11-18 00:00:00,8,27536.59,43,2
CLI01034,2025-11-14 00:00:00,6,27456.74,47,2
CLI01161,2025-12-26 00:00:00,5,27424.43,5,2
CLI00595,2025-09-28 00:00:00,3,27415.89,94,2
CLI00159,2025-08-23 00:00:00,2,27385.69,130,2
CLI00826,2025-10-08 00:00:00,5,27375.31,84,2
CLI00941,2025-09-30 00:00:00,5,27278.4,92,2
CLI00860,2025-12-18 00:00:00,7,27245.84,13,2
CLI00212,2025-12-29 00:00:00,6,27228.57,2,2
CLI00228,2025-12-26 00:00:00,5,27220.13,5,2
CLI00320,2025-09-20 00:00:00,4,27216.67,102,2
CLI00031,2025-09-18 00:00:00,4,27169.69,104,2
CLI01025,2025-08-31 00:00:00,5,27115.58,122,2
CLI01043,2025-08-31 00:00:00,4,27111.56,122,2
CLI00437,2025-10-25 00:00:00,5,27087.13,67,2
CLI00187,2025-12-25 00:00:00,4,27081.83,6,2
CLI00733,2025-09-17 00:00:00,5,27073.74,105,2
CLI00514,2025-12-10 00:00:00,4,27051.04,21,2
CLI00238,2025-12-31 00:00:00,7,27037.15,0,2
CLI00215,2025-12-17 00:00:00,5,27026.1,14,2
CLI00486,2025-10-27 00:00:00,6,26824.86,65,2
CLI00915,2025-11-12 00:00:00,4,26802.24,49,2
CLI00449,2025-10-09 00:00:00,6,26794.94,83,2
CLI00096,2025-12-25 00:00:00,6,26787.95,6,2
CLI00475,2025-12-24 00:00:00,9,26744.9,7,2
CLI00529,2025-10-29 00:00:00,3,26719.02,63,2
CLI00935,2025-07-13 00:00:00,3,26709.17,171,2
CLI00711,2025-09-17 00:00:00,4,26689.2,105,2
CLI01049,2025-11-22 00:00:00,5,26623.64,39,2
CLI01091,2025-11-03 00:00:00,4,26609.1,58,2
CLI01196,2025-09-06 00:00:00,4,26606.13,116,2
CLI00973,2025-09-02 00:00:00,4,26508.32,120,2
CLI00763,2025-12-12 00:00:00,6,26457.48,19,2
CLI00838,2025-12-06 00:00:00,4,26408.85,25,2
CLI00314,2025-09-25 00:00:00,4,26366.72,97,2
CLI01090,2025-07-02 00:00:00,5,26337.85,182,2
CLI00802,2025-12-26 00:00:00,6,26321.43,5,2
CLI00500,2025-08-12 00:00:00,5,26307.6,141,2
CLI00598,2025-09-27 00:00:00,8,26306.09,95,2
CLI00167,2025-03-18 00:00:00,2,26246.15,288,2
CLI00248,2025-10-02 00:00:00,2,26200.05,90,2
CLI01136,2025-11-14 00:00:00,6,26118.54,47,2
CLI00414,2025-09-15 00:00:00,6,26053.78,107,2
CLI00944,2025-10-30 00:00:00,3,26039.41,62,2
CLI00219,2025-10-13 00:00:00,5,26009.15,79,2
CLI00419,2025-06-20 00:00:00,3,25993.72,194,2
CLI00686,2025-12-11 00:00:00,8,25985.91,20,2
CLI00208,2025-12-02 00:00:00,6,25948.17,29,2
CLI01035,2025-12-27 00:00:00,5,25917.27,4,2
CLI00276,2025-10-27 00:00:00,4,25870.1,65,2
CLI01097,2025-10-14 00:00:00,2,25807.69,78,2
CLI00864,2025-10-16 00:00:00,5,25779.1,76,2
CLI00765,2025-10-21 00:00:00,6,25768.38,71,2
CLI01131,2025-12-17 00:00:00,4,25763.76,14,2
CLI00466,2025-12-20 00:00:00,3,25674.72,11,2
CLI01052,2025-11-28 00:00:00,5,25638.5,33,2
CLI00293,2025-10-27 00:00:00,4,25627.61,65,2
CLI00226,2025-10-03 00:00:00,4,25621.09,89,2
CLI00161,2025-12-12 00:00:00,4,25606.56,19,2
CLI01068,2025-12-23 00:00:00,6,25592.94,8,2
CLI00725,2025-11-03 00:00:00,6,25571.07,58,2
CLI00264,2025-06-26 00:00:00,4,25540.52,188,2
CLI00413,2025-07-21 00:00:00,5,25530.33,163,2
CLI00330,2025-12-08 00:00:00,3,25487.38,23,2
CLI00244,2025-09-15 00:00:00,5,25451.0,107,2
CLI00696,2025-09-07 00:00:00,4,25445.8,115,2
CLI00080,2025-12-31 00:00:00,5,25411.59,0,2
CLI01165,2025-11-10 00:00:00,3,25354.81,51,2
CLI01017,2025-10-03 00:00:00,3,25290.01,89,2
CLI00950,2025-11-22 00:00:00,3,25245.7,39,2
CLI01086,2025-09-15 00:00:00,2,25220.89,107,2
CLI00718,2025-08-14 00:00:00,4,25203.78,139,2
CLI00250,2025-11-07 00:00:00,6,25194.81,54,2
CLI00902,2025-12-02 00:00:00,4,25157.94,29,2
CLI00252,2025-12-30 00:00:00,6,25147.91,1,2
CLI00919,2025-10-30 00:00:00,4,25143.15,62,2
CLI00371,2025-08-11 00:00:00,4,25142.43,142,2
CLI00517,2025-08-01 00:00:00,6,25113.05,152,2
CLI00285,2025-08-22 00:00:00,5,25095.56,131,2
CLI00511,2025-12-22 00:00:00,7,25087.03,9,2
CLI00095,2025-12-10 00:00:00,8,25039.13,21,2
CLI01180,2025-11-06 00:00:00,9,25019.69,55,2
CLI01048,2025-09-25 00:00:00,5,24979.48,97,2
CLI00439,2025-04-22 00:00:00,3,24948.88,253,2
CLI00667,2025-09-01 00:00:00,3,24939.96,121,2
CLI00963,2025-07-30 00:00:00,4,24925.04,154,2
CLI01044,2025-07-08 00:00:00,5,24877.47,176,2
CLI00385,2025-11-28 00:00:00,4,24835.75,33,2
CLI00164,2025-12-31 00:00:00,6,24821.78,0,2
CLI01058,2025-09-27 00:00:00,7,24799.52,95,2
CLI00568,2025-10-17 00:00:00,6,24781.01,75,3
CLI00092,2025-11-20 00:00:00,7,24771.94,41,3
CLI00430,2025-12-06 00:00:00,5,24746.79,25,3
CLI00816,2025-11-13 00:00:00,4,24738.72,48,3
CLI01120,2025-12-31 00:00:00,5,24734.17,0,3
CLI00431,2025-10-03 00:00:00,5,24698.61,89,3
CLI00358,2025-08-26 00:00:00,5,24589.25,127,3
CLI00780,2025-11-23 00:00:00,3,24535.46,38,3
CLI01142,2025-12-03 00:00:00,6,24506.61,28,3
CLI00658,2025-09-02 00:00:00,6,24467.15,120,3
CLI01027,2025-11-30 00:00:00,4,24460.5,31,3
CLI00111,2025-12-31 00:00:00,4,24388.05,0,3
CLI00079,2025-12-16 00:00:00,4,24249.66,15,3
CLI00746,2025-12-16 00:00:00,6,24209.93,15,3
CLI00887,2025-09-03 00:00:00,4,24143.6,119,3
CLI00916,2025-12-05 00:00:00,5,24143.33,26,3
CLI01185,2025-12-31 00:00:00,6,24135.44,0,3
CLI00498,2025-10-12 00:00:00,3,24091.54,80,3
CLI00558,2025-10-19 00:00:00,3,23970.96,73,3
CLI00034,2025-12-10 00:00:00,3,23946.78,21,3
CLI00521,2025-12-27 00:00:00,5,23940.34,4,3
CLI00591,2025-08-22 00:00:00,5,23931.29,131,3
CLI00012,2025-11-02 00:00:00,5,23923.6,59,3
CLI00892,2025-10-24 00:00:00,3,23893.63,68,3
CLI01076,2025-12-05 00:00:00,5,23859.66,26,3
CLI00171,2025-12-19 00:00:00,5,23846.65,12,3
CLI00011,2025-11-18 00:00:00,3,23798.82,43,3
CLI00896,2025-12-14 00:00:00,3,23774.15,17,3
CLI00089,2025-11-18 00:00:00,5,23758.3,43,3
CLI00345,2025-12-19 00:00:00,6,23739.19,12,3
CLI00861,2025-12-21 00:00:00,6,23680.78,10,3
CLI00582,2025-12-28 00:00:00,6,23650.76,3,3
CLI00199,2025-11-30 00:00:00,6,23627.64,31,3
CLI00988,2025-10-21 00:00:00,6,23596.32,71,3
CLI00743,2025-10-24 00:00:00,3,23596.06,68,3
CLI00004,2025-07-16 00:00:00,3,23565.81,168,3
CLI00636,2025-10-23 00:00:00,4,23564.18,69,3
CLI00707,2025-11-02 00:00:00,5,23546.74,59,3
CLI00197,2025-11-19 00:00:00,9,23539.22,42,3
CLI00694,2025-12-20 00:00:00,6,23529.51,11,3
CLI00516,2025-11-21 00:00:00,5,23527.74,40,3
CLI01008,2025-12-17 00:00:00,6,23516.21,14,3
CLI00661,2025-12-08 00:00:00,6,23467.4,23,3
CLI01116,2025-08-14 00:00:00,4,23438.38,139,3
CLI00953,2025-11-23 00:00:00,4,23363.12,38,3
CLI00193,2025-10-11 00:00:00,6,23300.68,81,3
CLI00364,2025-12-12 00:00:00,5,23297.33,19,3
CLI00367,2025-08-22 00:00:00,6,23287.43,131,3
CLI00653,2025-12-22 00:00:00,4,23228.34,9,3
CLI01111,2025-12-09 00:00:00,5,23218.21,22,3
CLI00108,2025-11-18 00:00:00,6,23178.93,43,3
CLI00283,2025-08-07 00:00:00,5,23175.93,146,3
CLI00018,2025-09-18 00:00:00,2,23164.75,104,3
CLI00693,2025-12-24 00:00:00,3,23091.78,7,3
CLI00484,2025-12-22 00:00:00,8,23023.68,9,3
CLI00549,2025-12-12 00:00:00,7,22972.0,19,3
CLI00399,2025-12-27 00:00:00,4,22948.04,4,3
CLI00249,2025-11-21 00:00:00,4,22922.57,40,3
CLI00019,2025-12-26 00:00:00,4,22888.9,5,3
CLI00239,2025-11-13 00:00:00,6,22858.5,48,3
CLI00552,2025-11-14 00:00:00,4,22837.19,47,3
CLI01132,2025-10-11 00:00:00,5,22815.32,81,3
CLI00209,2025-09-17 00:00:00,6,22798.05,105,3
CLI01186,2025-04-26 00:00:00,4,22794.07,249,3
CLI00309,2025-09-09 00:00:00,4,22788.98,113,3
CLI00567,2025-09-20 00:00:00,4,22785.84,102,3
CLI00544,2025-10-26 00:00:00,6,22769.72,66,3
CLI00750,2025-07-10 00:00:00,5,22756.31,174,3
CLI01173,2025-07-18 00:00:00,3,22726.1,166,3
CLI00151,2025-10-25 00:00:00,4,22703.9,67,3
CLI01140,2025-09-22 00:00:00,6,22647.49,100,3
CLI00101,2025-12-01 00:00:00,3,22646.85,30,3
CLI00862,2025-09-30 00:00:00,3,22639.06,92,3
CLI00255,2025-09-20 00:00:00,5,22604.49,102,3
CLI00176,2025-06-13 00:00:00,2,22585.21,201,3
CLI00365,2025-12-12 00:00:00,3,22486.67,19,3
CLI00387,2025-12-26 00:00:00,5,22449.96,5,3
CLI00189,2025-09-15 00:00:00,4,22402.55,107,3
CLI00756,2025-12-29 00:00:00,6,22392.93,2,3
CLI00116,2025-12-15 00:00:00,4,22340.68,16,3
CLI00901,2025-10-27 00:00:00,6,22302.59,65,3
CLI00541,2025-10-14 00:00:00,4,22288.31,78,3
CLI01009,2025-11-04 00:00:00,4,22232.56,57,3
CLI00220,2025-11-25 00:00:00,4,22215.7,36,3
CLI00845,2025-12-30 00:00:00,5,22181.57,1,3
CLI01182,2025-04-23 00:00:00,3,22170.92,252,3
CLI00660,2025-07-18 00:00:00,5,22136.45,166,3
CLI00675,2025-10-27 00:00:00,4,22134.74,65,3
CLI00403,2025-12-13 00:00:00,6,22097.24,18,3
CLI00294,2025-12-19 00:00:00,4,22060.35,12,3
CLI00153,2025-11-10 00:00:00,5,22046.32,51,3
CLI00027,2025-12-24 00:00:00,7,21993.05,7,3
CLI00597,2025-06-03 00:00:00,4,21984.15,211,3
CLI00016,2025-07-15 00:00:00,4,21928.23,169,3
CLI00911,2025-12-11 00:00:00,5,21894.53,20,3
CLI00085,2025-12-20 00:00:00,4,21891.93,11,3
CLI00284,2025-12-28 00:00:00,5,21875.9,3,3
CLI00056,2025-12-02 00:00:00,3,21810.67,29,3
CLI00589,2025-12-21 00:00:00,5,21804.24,10,3
CLI00670,2025-08-17 00:00:00,2,21800.92,136,3
CLI00026,2025-10-17 00:00:00,5,21797.33,75,3
CLI00702,2025-10-31 00:00:00,4,21773.89,61,3
CLI00216,2025-10-15 00:00:00,7,21769.99,77,3
CLI00564,2025-12-01 00:00:00,5,21703.6,30,3
CLI01014,2025-11-11 00:00:00,6,21699.54,50,3
CLI00346,2025-10-16 00:00:00,5,21692.04,76,3
CLI00492,2025-11-01 00:00:00,4,21670.92,60,3
CLI00140,2025-09-19 00:00:00,4,21659.96,103,3
CLI00759,2025-08-22 00:00:00,4,21607.55,131,3
CLI00790,2025-12-26 00:00:00,6,21561.24,5,3
CLI00625,2025-08-09 00:00:00,5,21532.14,144,3
CLI00190,2025-08-07 00:00:00,6,21530.15,146,3
CLI00168,2025-12-26 00:00:00,5,21523.9,5,3
CLI01169,2025-12-07 00:00:00,6,21488.68,24,3
CLI01026,2025-08-28 00:00:00,4,21413.61,125,3
CLI00727,2025-09-26 00:00:00,5,21362.78,96,3
CLI00813,2025-09-03 00:00:00,6,21346.43,119,3
CLI00995,2025-12-29 00:00:00,7,21333.75,2,3
CLI00045,2025-11-20 00:00:00,6,21314.24,41,3
CLI00174,2025-09-01 00:00:00,4,21284.13,121,3
CLI00344,2025-12-10 00:00:00,7,21229.36,21,3
CLI00322,2025-12-16 00:00:00,4,21188.91,15,3
CLI00102,2025-09-01 00:00:00,2,21136.71,121,3
CLI00782,2025-08-23 00:00:00,5,21097.84,130,3
CLI00408,2025-09-29 00:00:00,5,21017.56,93,3
CLI00533,2025-10-18 00:00:00,3,20999.23,74,3
CLI00057,2025-10-20 00:00:00,4,20993.49,72,3
CLI00152,2025-11-19 00:00:00,3,20993.49,42,3
CLI00341,2025-10-30 00:00:00,5,20958.25,62,3
CLI01194,2025-11-05 00:00:00,5,20854.1,56,3
CLI00324,2025-12-16 00:00:00,7,20800.84,15,3
CLI00909,2025-10-28 00:00:00,3,20769.7,64,3
CLI00939,2025-12-19 00:00:00,4,20744.92,12,3
CLI01143,2025-10-18 00:00:00,3,20725.24,74,3
CLI01156,2025-10-04 00:00:00,4,20710.9,88,3
CLI00013,2025-09-27 00:00:00,2,20687.07,95,3
CLI00758,2025-03-28 00:00:00,4,20638.52,278,3
CLI00740,2025-10-06 00:00:00,3,20604.55,86,3
CLI01144,2025-11-09 00:00:00,6,20597.16,52,3
CLI00540,2025-09-01 00:00:00,5,20593.82,121,3
CLI00530,2025-12-02 00:00:00,6,20575.65,29,3
CLI01128,2025-07-07 00:00:00,4,20551.85,177,3
CLI00619,2025-10-31 00:00:00,6,20533.03,61,3
CLI00066,2025-10-30 00:00:00,5,20521.75,62,3
CLI00805,2025-10-12 00:00:00,7,20502.13,80,3
CLI00885,2025-11-26 00:00:00,3,20498.08,35,3
CLI00784,2025-11-22 00:00:00,6,20482.72,39,3
CLI00201,2025-10-25 00:00:00,4,20421.49,67,3
CLI00576,2025-10-20 00:00:00,5,20401.23,72,3
CLI00123,2025-11-15 00:00:00,6,20372.71,46,3
CLI00417,2025-12-22 00:00:00,5,20332.64,9,3
CLI00262,2025-12-17 00:00:00,8,20315.53,14,3
CLI00042,2025-10-01 00:00:00,4,20307.32,91,3
CLI00946,2025-10-10 00:00:00,4,20293.04,82,3
CLI00893,2025-07-21 00:00:00,3,20273.91,163,3
CLI00194,2025-12-01 00:00:00,3,20241.8,30,3
CLI00245,2025-11-27 00:00:00,5,20230.14,34,3
CLI00323,2025-12-31 00:00:00,4,20217.97,0,3
CLI01085,2025-12-19 00:00:00,6,20212.98,12,3
CLI01080,2025-11-05 00:00:00,5,20195.22,56,3
CLI00024,2025-12-18 00:00:00,5,20118.79,13,3
CLI00551,2025-10-28 00:00:00,4,20106.7,64,3
CLI00586,2025-11-16 00:00:00,3,20097.19,45,3
CLI00469,2025-08-30 00:00:00,5,20087.94,123,3
CLI00319,2025-11-24 00:00:00,5,20085.03,37,3
CLI00149,2025-09-07 00:00:00,6,20059.9,115,3
CLI00912,2025-09-30 00:00:00,4,20027.88,92,3
CLI00835,2025-10-05 00:00:00,5,20008.18,87,3
CLI00103,2025-06-09 00:00:00,3,20007.78,205,3
CLI00849,2025-11-29 00:00:00,4,19921.38,32,3
CLI00761,2025-12-19 00:00:00,5,19858.97,12,3
CLI00895,2025-05-27 00:00:00,4,19844.62,218,3
CLI00372,2025-12-16 00:00:00,4,19835.95,15,3
CLI00783,2025-11-21 00:00:00,6,19806.77,40,3
CLI00243,2025-11-23 00:00:00,7,19794.58,38,3
CLI00269,2025-07-09 00:00:00,5,19768.66,175,3
CLI01157,2025-07-04 00:00:00,2,19758.74,180,3
CLI00850,2025-10-24 00:00:00,4,19689.94,68,3
CLI00470,2025-12-04 00:00:00,4,19659.35,27,3
CLI00561,2025-09-09 00:00:00,3,19635.3,113,3
CLI00855,2025-11-21 00:00:00,3,19606.5,40,3
CLI00596,2025-11-17 00:00:00,4,19576.36,44,3
CLI00389,2025-12-16 00:00:00,7,19541.09,15,3
CLI00172,2025-06-28 00:00:00,4,19517.91,186,3
CLI00865,2025-09-06 00:00:00,4,19499.08,116,3
CLI00173,2025-10-18 00:00:00,4,19458.61,74,3
CLI00359,2025-11-26 00:00:00,4,19454.29,35,3
CLI00353,2025-12-20 00:00:00,4,19365.21,11,3
CLI00607,2025-12-14 00:00:00,4,19339.34,17,3
CLI00978,2025-09-07 00:00:00,5,19317.66,115,3
CLI00556,2025-11-29 00:00:00,4,19185.59,32,3
CLI00247,2025-11-06 00:00:00,4,19135.01,55,3
CLI00705,2025-10-11 00:00:00,5,19131.38,81,3
CLI00253,2025-10-11 00:00:00,3,19062.88,81,3
CLI01160,2025-12-15 00:00:00,5,19043.34,16,3
CLI00801,2025-12-06 00:00:00,6,19034.19,25,3
CLI00933,2025-12-31 00:00:00,5,19018.6,0,3
CLI00858,2025-11-16 00:00:00,3,18978.6,45,3
CLI00866,2025-12-01 00:00:00,2,18894.38,30,3
CLI00928,2025-11-01 00:00:00,3,18859.02,60,3
CLI00433,2025-07-04 00:00:00,3,18828.74,180,3
CLI00104,2025-12-29 00:00:00,6,18817.68,2,3
CLI00222,2025-12-04 00:00:00,7,18670.06,27,3
CLI00465,2025-11-03 00:00:00,5,18654.61,58,3
CLI00982,2025-10-23 00:00:00,2,18620.97,69,3
CLI00969,2025-10-31 00:00:00,4,18607.58,61,3
CLI00852,2025-11-18 00:00:00,5,18552.89,43,3
CLI00315,2025-11-22 00:00:00,5,18551.0,39,3
CLI00611,2025-09-20 00:00:00,5,18517.45,102,3
CLI01081,2025-12-27 00:00:00,6,18499.14,4,3
CLI00999,2025-10-26 00:00:00,3,18488.72,66,3
CLI00495,2025-11-21 00:00:00,3,18461.36,40,3
CLI00198,2025-09-18 00:00:00,4,18388.22,104,3
CLI00135,2025-10-07 00:00:00,4,18340.18,85,3
CLI01150,2025-07-28 00:00:00,5,18326.68,156,3
CLI00669,2025-12-17 00:00:00,3,18281.34,14,3
CLI00748,2025-11-25 00:00:00,6,18278.65,36,3
CLI00445,2025-08-28 00:00:00,2,18177.66,125,3
CLI00622,2025-11-27 00:00:00,4,18111.31,34,3
CLI00664,2025-09-23 00:00:00,3,18095.44,99,3
CLI01163,2025-10-20 00:00:00,4,18016.08,72,3
CLI01023,2025-12-27 00:00:00,2,18008.7,4,3
CLI00462,2025-10-16 00:00:00,3,18007.96,76,3
CLI00775,2025-12-08 00:00:00,3,17936.31,23,3
CLI00487,2025-07-13 00:00:00,4,17935.39,171,3
CLI01103,2025-12-22 00:00:00,4,17847.18,9,3
CLI00967,2025-12-04 00:00:00,5,17813.59,27,3
CLI01179,2025-10-25 00:00:00,3,17789.74,67,3
CLI00357,2025-11-03 00:00:00,3,17754.9,58,3
CLI00448,2025-12-11 00:00:00,6,17669.25,20,3
CLI00376,2025-08-19 00:00:00,3,17650.05,134,3
CLI00150,2025-10-29 00:00:00,4,17636.29,63,3
CLI00884,2025-07-06 00:00:00,3,17634.49,178,3
CLI00610,2025-08-11 00:00:00,3,17602.64,142,3
CLI00076,2025-10-06 00:00:00,3,17589.01,86,3
CLI01199,2025-12-12 00:00:00,4,17578.11,19,3
CLI00947,2025-08-27 00:00:00,4,17576.59,126,3
CLI00841,2025-12-22 00:00:00,4,17491.2,9,3
CLI00981,2025-12-23 00:00:00,5,17490.7,8,3
CLI00952,2025-09-04 00:00:00,5,17421.34,118,3
CLI01042,2025-12-03 00:00:00,3,17381.1,28,3
CLI00513,2025-11-02 00:00:00,3,17369.55,59,3
CLI00724,2025-12-05 00:00:00,2,17303.95,26,3
CLI00404,2025-09-24 00:00:00,4,17292.39,98,3
CLI00755,2025-10-09 00:00:00,4,17279.28,83,3
CLI00169,2025-08-26 00:00:00,4,17260.75,127,3
CLI00476,2025-08-11 00:00:00,4,17256.3,142,3
CLI00260,2025-12-13 00:00:00,3,17252.66,18,3
CLI01133,2025-11-13 00:00:00,4,17212.84,48,3
CLI00726,2025-10-21 00:00:00,4,17210.17,71,3
CLI00383,2025-10-20 00:00:00,3,17184.32,72,3
CLI01079,2025-09-27 00:00:00,6,17158.47,95,3
CLI00719,2025-06-30 00:00:00,3,17142.66,184,3
CLI00278,2025-09-10 00:00:00,2,17117.91,112,3
CLI00349,2025-10-21 00:00:00,4,17106.29,71,3
CLI00129,2025-12-10 00:00:00,4,17105.38,21,3
CLI00481,2025-12-26 00:00:00,5,17085.35,5,3
CLI00023,2025-10-15 00:00:00,5,17084.16,77,3
CLI00555,2025-06-29 00:00:00,5,17071.58,185,3
CLI01060,2025-09-19 00:00:00,5,16969.84,103,3
CLI00716,2025-12-22 00:00:00,7,16954.93,9,3
CLI00035,2025-10-28 00:00:00,3,16954.44,64,3
CLI00063,2025-12-13 00:00:00,5,16803.72,18,3
CLI01070,2025-12-22 00:00:00,6,16802.08,9,3
CLI00423,2025-11-03 00:00:00,4,16781.08,58,3
CLI00039,2025-12-10 00:00:00,4,16764.31,21,3
CLI00251,2025-09-06 00:00:00,4,16747.34,116,3
CLI01010,2025-08-13 00:00:00,3,16735.83,140,3
CLI00526,2025-08-26 00:00:00,2,16663.7,127,3
CLI00343,2025-11-04 00:00:00,5,16616.6,57,3
CLI00808,2025-12-25 00:00:00,5,16576.01,6,3
CLI00311,2025-08-08 00:00:00,5,16489.49,145,3
CLI00519,2025-12-17 00:00:00,4,16417.05,14,3
CLI00183,2025-07-09 00:00:00,3,16398.27,175,3
CLI00735,2025-11-13 00:00:00,7,16369.46,48,3
CLI00691,2025-05-29 00:00:00,3,16344.45,216,3
CLI01176,2025-12-05 00:00:00,5,16257.44,26,3
CLI01071,2025-10-18 00:00:00,3,16245.38,74,3
CLI00425,2025-09-09 00:00:00,3,16238.71,113,3
CLI01005,2025-07-14 00:00:00,2,16204.82,170,3
CLI00333,2025-12-03 00:00:00,5,16182.56,28,3
CLI00008,2025-11-10 00:00:00,3,16179.09,51,3
CLI00421,2025-09-21 00:00:00,8,16166.35,101,3
CLI00913,2025-11-15 00:00:00,1,16123.65,46,3
CLI00924,2025-11-17 00:00:00,3,16107.43,44,3
CLI00139,2025-08-15 00:00:00,5,16106.18,138,3
CLI01089,2025-12-27 00:00:00,7,16095.71,4,3
CLI01093,2025-11-01 00:00:00,5,15973.98,60,3
CLI00853,2025-05-25 00:00:00,3,15927.11,220,3
CLI00968,2025-06-17 00:00:00,5,15914.12,197,3
CLI00061,2025-07-26 00:00:00,3,15842.75,158,3
CLI01152,2025-10-26 00:00:00,4,15786.35,66,3
CLI00701,2025-11-20 00:00:00,5,15653.75,41,3
CLI00936,2025-09-14 00:00:00,3,15618.62,108,3
CLI00217,2025-11-27 00:00:00,3,15609.06,34,3
CLI00144,2025-06-15 00:00:00,3,15570.26,199,3
CLI00134,2025-12-27 00:00:00,6,15417.82,4,3
CLI00918,2025-12-11 00:00:00,4,15390.26,20,3
CLI01033,2025-11-20 00:00:00,4,15378.89,41,4
CLI01084,2025-11-24 00:00:00,5,15321.12,37,4
CLI00362,2025-10-26 00:00:00,4,15315.61,66,4
CLI00409,2025-12-17 00:00:00,3,15281.56,14,4
CLI00202,2025-11-06 00:00:00,6,15272.52,55,4
CLI00872,2025-12-23 00:00:00,3,15191.04,8,4
CLI00844,2025-07-16 00:00:00,3,15092.6,168,4
CLI00488,2025-12-22 00:00:00,2,15015.8,9,4
CLI01039,2025-01-17 00:00:00,3,15001.44,348,4
CLI00634,2025-11-29 00:00:00,4,15001.22,32,4
CLI00766,2025-10-04 00:00:00,4,14962.61,88,4
CLI01191,2025-09-18 00:00:00,6,14939.92,104,4
CLI00803,2025-12-24 00:00:00,5,14891.88,7,4
CLI00980,2025-10-07 00:00:00,3,14820.3,85,4
CLI00416,2025-11-05 00:00:00,3,14764.38,56,4
CLI00867,2025-12-16 00:00:00,2,14740.15,15,4
CLI00313,2025-12-10 00:00:00,5,14670.73,21,4
CLI00791,2025-11-22 00:00:00,2,14651.16,39,4
CLI00778,2025-06-13 00:00:00,4,14623.72,201,4
CLI01122,2025-12-25 00:00:00,5,14570.94,6,4
CLI00572,2025-10-12 00:00:00,4,14457.79,80,4
CLI01123,2025-11-27 00:00:00,3,14449.1,34,4
CLI00141,2025-10-31 00:00:00,3,14348.65,61,4
CLI00690,2025-09-06 00:00:00,4,14253.59,116,4
CLI00348,2025-08-22 00:00:00,2,14213.86,131,4
CLI00749,2025-09-15 00:00:00,4,14189.25,107,4
CLI00798,2025-12-09 00:00:00,3,14163.65,22,4
CLI00263,2025-11-26 00:00:00,5,14023.93,35,4
CLI00677,2025-11-02 00:00:00,6,13987.18,59,4
CLI00736,2025-10-22 00:00:00,2,13976.02,70,4
CLI00760,2025-12-07 00:00:00,6,13970.19,24,4
CLI01082,2025-09-30 00:00:00,5,13891.88,92,4
CLI00635,2025-12-20 00:00:00,4,13857.54,11,4
CLI00571,2025-11-26 00:00:00,3,13847.26,35,4
CLI01125,2025-11-19 00:00:00,4,13800.7,42,4
CLI00789,2025-11-30 00:00:00,5,13780.51,31,4
CLI01094,2025-12-22 00:00:00,5,13775.17,9,4
CLI00490,2025-07-03 00:00:00,3,13732.4,181,4
CLI00496,2025-07-16 00:00:00,4,13718.53,168,4
CLI00504,2025-09-26 00:00:00,2,13704.57,96,4
CLI00839,2025-11-28 00:00:00,2,13687.86,33,4
CLI00503,2025-12-15 00:00:00,5,13611.76,16,4
CLI00043,2025-12-26 00:00:00,2,13364.45,5,4
CLI00723,2025-07-04 00:00:00,4,13357.79,180,4
CLI00979,2025-11-30 00:00:00,4,13305.31,31,4
CLI01193,2025-12-22 00:00:00,3,13286.43,9,4
CLI00292,2025-10-20 00:00:00,3,13273.29,72,4
CLI00914,2025-12-26 00:00:00,3,13261.8,5,4
CLI00300,2025-12-25 00:00:00,3,13260.61,6,4
CLI00441,2025-05-27 00:00:00,1,13181.35,218,4
CLI01170,2025-04-21 00:00:00,4,13122.0,254,4
CLI00984,2025-11-02 00:00:00,3,13008.14,59,4
CLI00396,2025-12-15 00:00:00,4,12998.16,16,4
CLI00875,2025-09-30 00:00:00,2,12969.74,92,4
CLI00366,2025-12-16 00:00:00,3,12919.66,15,4
CLI00065,2025-12-04 00:00:00,3,12909.5,27,4
CLI00614,2025-10-25 00:00:00,5,12862.99,67,4
CLI00478,2025-10-29 00:00:00,3,12859.91,63,4
CLI00894,2025-12-02 00:00:00,3,12815.14,29,4
CLI00710,2025-12-03 00:00:00,2,12778.2,28,4
CLI00117,2025-11-15 00:00:00,3,12742.83,46,4
CLI00753,2025-07-29 00:00:00,4,12732.71,155,4
CLI00038,2025-12-01 00:00:00,3,12678.18,30,4
CLI01036,2025-12-07 00:00:00,2,12667.03,24,4
CLI00331,2025-07-10 00:00:00,3,12550.92,174,4
CLI00210,2025-10-15 00:00:00,4,12548.07,77,4
CLI01109,2025-09-16 00:00:00,4,12480.93,106,4
CLI00652,2025-10-27 00:00:00,5,12445.26,65,4
CLI00094,2025-11-04 00:00:00,3,12416.48,57,4
CLI00471,2025-11-10 00:00:00,4,12410.89,51,4
CLI00510,2025-10-27 00:00:00,4,12317.23,65,4
CLI00145,2025-12-01 00:00:00,7,12286.69,30,4
CLI01028,2025-07-12 00:00:00,3,12284.76,172,4
CLI01110,2025-12-18 00:00:00,5,12267.27,13,4
CLI00301,2025-10-05 00:00:00,2,12236.67,87,4
CLI00420,2025-12-26 00:00:00,5,12208.26,5,4
CLI00257,2025-10-06 00:00:00,1,12184.08,86,4
CLI01147,2025-07-31 00:00:00,2,12139.42,153,4
CLI00731,2025-11-20 00:00:00,3,12136.88,41,4
CLI00479,2025-07-18 00:00:00,3,12048.21,166,4
CLI00033,2025-12-11 00:00:00,3,12041.96,20,4
CLI01073,2025-12-18 00:00:00,4,12032.09,13,4
CLI00398,2025-11-01 00:00:00,3,12020.07,60,4
CLI00028,2025-10-09 00:00:00,6,11964.15,83,4
CLI00871,2025-04-30 00:00:00,2,11911.94,245,4
CLI00489,2025-11-15 00:00:00,6,11890.69,46,4
CLI00925,2025-12-26 00:00:00,3,11859.18,5,4
CLI00651,2025-11-28 00:00:00,4,11848.44,33,4
CLI00929,2025-12-31 00:00:00,2,11809.27,0,4
CLI00074,2025-10-06 00:00:00,4,11716.07,86,4
CLI00714,2025-11-21 00:00:00,4,11690.2,40,4
CLI01164,2025-11-19 00:00:00,4,11624.02,42,4
CLI00468,2025-12-04 00:00:00,2,11608.52,27,4
CLI00684,2025-07-29 00:00:00,4,11596.1,155,4
CLI00974,2025-08-24 00:00:00,2,11589.04,129,4
CLI00633,2025-10-24 00:00:00,3,11542.16,68,4
CLI00310,2025-10-01 00:00:00,5,11456.71,91,4
CLI00665,2025-10-14 00:00:00,2,11433.68,78,4
CLI00506,2025-11-12 00:00:00,4,11336.63,49,4
CLI00275,2025-05-28 00:00:00,2,11321.34,217,4
CLI00009,2025-09-23 00:00:00,4,11315.54,99,4
CLI01184,2025-08-20 00:00:00,3,11308.25,133,4
CLI00337,2025-07-22 00:00:00,2,11264.93,162,4
CLI00450,2025-06-22 00:00:00,2,11129.2,192,4
CLI00657,2025-10-03 00:00:00,4,11115.62,89,4
CLI00360,2025-12-26 00:00:00,4,11089.65,5,4
CLI01054,2025-09-07 00:00:00,2,11018.85,115,4
CLI00757,2025-06-01 00:00:00,2,10946.95,213,4
CLI00722,2025-03-09 00:00:00,1,10891.05,297,4
CLI00128,2025-11-05 00:00:00,5,10846.01,56,4
CLI00962,2025-11-04 00:00:00,2,10777.63,57,4
CLI00160,2025-12-09 00:00:00,3,10743.64,22,4
CLI00426,2025-12-24 00:00:00,2,10716.35,7,4
CLI00352,2025-09-22 00:00:00,3,10703.29,100,4
CLI00970,2025-08-12 00:00:00,2,10657.26,141,4
CLI01174,2025-11-25 00:00:00,3,10617.29,36,4
CLI00392,2025-10-30 00:00:00,3,10613.9,62,4
CLI00482,2025-10-23 00:00:00,3,10561.15,69,4
CLI00965,2025-06-23 00:00:00,5,10540.11,191,4
CLI00124,2025-10-25 00:00:00,3,10538.01,67,4
CLI00575,2025-12-07 00:00:00,1,10523.6,24,4
CLI00920,2025-09-30 00:00:00,4,10440.28,92,4
CLI01114,2025-09-06 00:00:00,3,10317.04,116,4
CLI00905,2025-11-03 00:00:00,2,10299.57,58,4
CLI00637,2025-09-08 00:00:00,4,10206.55,114,4
CLI00720,2025-11-16 00:00:00,2,10125.18,45,4
CLI00435,2025-11-24 00:00:00,4,10091.44,37,4
CLI00600,2025-12-27 00:00:00,1,10087.88,4,4
CLI00794,2025-12-31 00:00:00,5,10074.06,0,4
CLI01100,2025-12-10 00:00:00,2,10051.34,21,4
CLI00959,2025-06-27 00:00:00,3,10046.44,187,4
CLI00772,2025-05-09 00:00:00,1,10010.05,236,4
CLI00592,2025-11-28 00:00:00,3,9864.6,33,4
CLI00084,2025-10-06 00:00:00,2,9809.72,86,4
CLI00049,2025-12-13 00:00:00,3,9790.77,18,4
CLI00616,2025-07-16 00:00:00,1,9750.92,168,4
CLI00254,2025-09-14 00:00:00,3,9733.83,108,4
CLI00473,2025-11-01 00:00:00,2,9628.0,60,4
CLI00411,2025-07-21 00:00:00,1,9592.88,163,4
CLI00603,2025-12-24 00:00:00,4,9540.81,7,4
CLI00562,2025-11-06 00:00:00,3,9522.0,55,4
CLI01095,2025-07-02 00:00:00,3,9506.47,182,4
CLI00821,2025-09-18 00:00:00,3,9497.66,104,4
CLI00647,2025-11-28 00:00:00,3,9479.86,33,4
CLI01021,2025-07-21 00:00:00,2,9462.04,163,4
CLI00155,2025-06-25 00:00:00,1,9455.01,189,4
CLI00737,2025-12-18 00:00:00,4,9421.04,13,4
CLI01118,2025-11-13 00:00:00,2,9417.31,48,4
CLI00900,2025-10-14 00:00:00,3,9406.38,78,4
CLI00594,2025-10-05 00:00:00,2,9405.98,87,4
CLI01013,2025-09-15 00:00:00,3,9372.43,107,4
CLI00467,2025-12-28 00:00:00,4,9338.25,3,4
CLI00881,2025-01-15 00:00:00,1,9335.94,350,4
CLI00265,2025-12-31 00:00:00,3,9329.81,0,4
CLI00787,2025-11-27 00:00:00,3,9311.77,34,4
CLI00062,2025-08-17 00:00:00,3,9235.54,136,4
CLI00883,2025-11-25 00:00:00,2,9224.88,36,4
CLI00922,2025-10-15 00:00:00,2,9178.38,77,4
CLI00491,2025-08-20 00:00:00,3,9129.36,133,4
CLI00379,2025-10-03 00:00:00,3,9121.78,89,4
CLI00786,2025-08-10 00:00:00,2,9108.45,143,4
CLI00121,2025-09-19 00:00:00,3,9087.83,103,4
CLI00221,2025-05-23 00:00:00,1,9047.55,222,4
CLI00443,2025-10-28 00:00:00,3,9039.62,64,4
CLI00854,2025-11-11 00:00:00,5,9022.39,50,4
CLI00455,2025-07-13 00:00:00,3,8976.87,171,4
CLI00673,2025-11-14 00:00:00,3,8906.76,47,4
CLI01197,2025-12-23 00:00:00,2,8905.27,8,4
CLI01051,2025-06-01 00:00:00,2,8870.1,213,4
CLI00418,2025-08-10 00:00:00,3,8763.2,143,4
CLI00223,2025-11-19 00:00:00,4,8750.63,42,4
CLI01088,2025-11-29 00:00:00,3,8735.76,32,4
CLI00297,2025-08-18 00:00:00,1,8677.02,135,4
CLI00646,2025-04-11 00:00:00,1,8667.0,264,4
CLI01083,2025-12-15 00:00:00,3,8644.47,16,4
CLI00807,2025-05-30 00:00:00,2,8624.42,215,4
CLI00227,2025-04-16 00:00:00,2,8614.78,259,4
CLI00994,2025-10-12 00:00:00,4,8608.48,80,4
CLI01019,2025-10-05 00:00:00,4,8568.06,87,4
CLI00640,2025-06-21 00:00:00,3,8524.52,193,4
CLI00559,2025-11-28 00:00:00,3,8522.47,33,4
CLI00422,2025-03-24 00:00:00,2,8506.11,282,4
CLI00617,2025-12-14 00:00:00,3,8339.75,17,4
CLI00830,2025-12-09 00:00:00,5,8308.8,22,4
CLI00213,2025-12-29 00:00:00,3,8279.9,2,4
CLI00436,2025-07-15 00:00:00,1,8151.84,169,4
CLI00997,2025-12-26 00:00:00,1,8066.94,5,4
CLI00992,2025-10-07 00:00:00,3,7929.94,85,4
CLI00840,2025-08-25 00:00:00,2,7929.63,128,4
CLI01127,2025-03-09 00:00:00,2,7904.64,297,4
CLI00771,2025-10-29 00:00:00,3,7876.2,63,4
CLI00631,2025-12-23 00:00:00,3,7854.59,8,4
CLI00444,2025-10-05 00:00:00,3,7761.67,87,4
CLI00993,2025-12-04 00:00:00,3,7686.4,27,4
CLI00768,2025-09-17 00:00:00,3,7678.21,105,4
CLI00815,2025-11-25 00:00:00,1,7662.9,36,4
CLI01061,2025-03-23 00:00:00,1,7638.9,283,4
CLI00006,2025-08-06 00:00:00,2,7618.74,147,4
CLI00368,2025-10-02 00:00:00,2,7500.68,90,4
CLI00205,2025-07-31 00:00:00,2,7469.12,153,4
CLI00779,2025-08-16 00:00:00,4,7450.2,137,4
CLI00621,2025-08-07 00:00:00,2,7449.42,146,4
CLI00585,2025-11-13 00:00:00,2,7346.41,48,4
CLI00776,2025-01-30 00:00:00,2,7342.8,335,4
CLI00402,2025-08-04 00:00:00,3,7332.58,149,4
CLI00809,2025-07-04 00:00:00,2,7308.14,180,4
CLI00091,2025-12-20 00:00:00,3,7191.3,11,4
CLI00451,2025-10-30 00:00:00,2,7153.64,62,4
CLI01121,2025-12-01 00:00:00,3,7129.25,30,4
CLI00955,2025-04-01 00:00:00,2,7041.82,274,4
CLI00075,2025-08-23 00:00:00,3,7016.6,130,4
CLI01105,2025-11-30 00:00:00,3,6997.04,31,4
CLI00957,2025-12-30 00:00:00,2,6943.37,1,4
CLI00502,2025-10-22 00:00:00,3,6889.16,70,4
CLI00870,2025-04-15 00:00:00,1,6817.96,260,4
CLI01175,2025-12-01 00:00:00,3,6806.21,30,4
CLI00272,2025-08-04 00:00:00,2,6741.4,149,4
CLI00240,2025-10-13 00:00:00,4,6714.03,79,4
CLI01038,2025-10-23 00:00:00,4,6670.84,69,4
CLI00577,2025-04-19 00:00:00,1,6496.8,256,4
CLI00119,2025-05-11 00:00:00,2,6337.55,234,4
CLI00003,2025-11-11 00:00:00,3,6277.63,50,4
CLI01149,2025-06-22 00:00:00,2,6133.34,192,4
CLI00267,2025-03-10 00:00:00,2,6108.54,296,4
CLI00097,2025-10-20 00:00:00,4,6096.89,72,4
CLI00078,2025-06-10 00:00:00,3,6054.14,204,4
CLI01137,2025-04-06 00:00:00,1,6002.54,269,4
CLI00515,2025-04-20 00:00:00,1,6000.36,255,4
CLI00695,2025-10-03 00:00:00,2,5945.21,89,4
CLI01188,2025-03-14 00:00:00,1,5934.08,292,4
CLI00105,2025-12-25 00:00:00,3,5874.02,6,4
CLI00120,2025-01-22 00:00:00,1,5860.83,343,4
CLI00132,2025-11-13 00:00:00,2,5847.05,48,4
CLI00764,2025-11-24 00:00:00,2,5824.87,37,4
CLI00058,2025-05-02 00:00:00,3,5620.62,243,4
CLI00304,2025-11-25 00:00:00,3,5606.79,36,4
CLI00536,2025-09-22 00:00:00,3,5601.46,100,4
CLI00721,2025-01-12 00:00:00,1,5492.28,353,4
CLI00100,2025-10-12 00:00:00,2,5492.03,80,4
CLI00890,2025-07-17 00:00:00,3,5470.89,167,4
CLI00762,2025-01-29 00:00:00,1,5413.88,336,4
CLI00744,2025-08-20 00:00:00,4,5286.1,133,4
CLI00256,2025-03-19 00:00:00,2,5259.48,287,4
CLI00836,2025-11-25 00:00:00,3,5220.17,36,4
CLI00286,2025-09-04 00:00:00,1,5160.7,118,4
CLI00563,2025-12-28 00:00:00,3,5046.64,3,4
CLI00628,2025-08-06 00:00:00,2,4990.53,147,4
CLI00697,2025-04-17 00:00:00,1,4976.64,258,4
CLI00638,2025-07-25 00:00:00,2,4967.18,159,4
CLI01158,2025-08-29 00:00:00,2,4944.8,124,4
CLI00751,2025-03-31 00:00:00,1,4933.35,275,4
CLI00268,2025-12-16 00:00:00,3,4855.97,15,4
CLI01074,2025-10-09 00:00:00,3,4729.85,83,4
CLI00458,2025-11-18 00:00:00,3,4510.25,43,4
CLI00328,2025-07-28 00:00:00,3,4394.32,156,4
CLI00162,2025-11-21 00:00:00,2,4287.15,40,4
CLI00908,2025-06-28 00:00:00,3,4219.28,186,4
CLI00001,2025-04-09 00:00:00,2,4194.33,266,4
CLI00752,2025-12-27 00:00:00,3,4170.63,4,4
CLI01117,2025-10-16 00:00:00,3,4144.96,76,4
CLI00819,2025-11-01 00:00:00,3,4131.29,60,4
CLI00898,2025-11-20 00:00:00,1,4128.42,41,4
CLI00785,2025-10-02 00:00:00,2,4054.76,90,4
CLI00007,2025-10-12 00:00:00,3,3866.41,80,4
CLI00277,2025-07-23 00:00:00,3,3862.89,161,4
CLI00499,2025-12-25 00:00:00,2,3789.16,6,4
CLI00655,2025-05-31 00:00:00,1,3757.92,214,4
CLI00454,2025-10-28 00:00:00,2,3748.26,64,4
CLI00676,2025-12-03 00:00:00,2,3708.2,28,4
CLI00136,2025-11-25 00:00:00,2,3568.43,36,4
CLI00356,2025-08-02 00:00:00,2,3506.18,151,4
CLI00827,2025-05-13 00:00:00,1,3464.29,232,4
CLI00390,2025-07-01 00:00:00,3,3433.99,183,4
CLI00308,2025-03-17 00:00:00,3,3347.19,289,4
CLI00831,2025-10-20 00:00:00,1,3341.67,72,4
CLI00064,2025-07-02 00:00:00,1,3319.08,182,4
CLI00432,2025-08-01 00:00:00,1,3292.56,152,4
CLI00620,2025-11-21 00:00:00,2,3233.73,40,4
CLI00609,2025-03-24 00:00:00,1,3193.94,282,4
CLI01112,2025-09-17 00:00:00,1,3101.58,105,4
CLI01178,2025-10-31 00:00:00,2,3067.94,61,4
CLI01020,2025-10-28 00:00:00,3,2940.1,64,4
CLI00581,2025-03-03 00:00:00,1,2665.3,303,4
CLI00200,2025-05-03 00:00:00,1,2341.71,242,4
CLI00580,2025-11-15 00:00:00,3,2083.8,46,4
CLI00118,2025-03-31 00:00:00,1,2059.46,275,4
CLI00090,2025-02-18 00:00:00,1,1982.72,316,4
CLI00747,2025-08-18 00:00:00,3,1929.48,135,4
CLI01040,2025-11-17 00:00:00,1,1726.84,44,4
CLI00579,2025-04-15 00:00:00,2,1583.06,260,4
CLI00030,2025-09-07 00:00:00,2,1461.54,115,4
CLI00698,2025-09-04 00:00:00,3,1225.41,118,4
CLI00099,2025-08-21 00:00:00,2,1069.56,132,4
CLI00942,2025-10-21 00:00:00,1,782.58,71,4
CLI00599,2025-10-07 00:00:00,1,766.7,85,4
CLI01057,2025-05-29 00:00:00,1,464.24,216,4
CLI00497,2025-07-05 00:00:00,1,451.95,179,4
CLI00446,2025-10-13 00:00:00,1,130.95,79,4
